dest_ip,dest_port,dest_country,metadata_file
192.111.139.163,19404,Canada,socks5.txt
184.178.172.23,4145,United States,socks5.txt
208.65.90.3,4145,United States,socks5.txt
103.127.223.126,1080,Bangladesh,socks5.txt
139.59.24.173,1080,India,socks5.txt
134.199.159.23,1080,United States,socks5.txt
186.26.95.249,61445,Brazil,socks5.txt
121.169.46.116,1090,South Korea,socks5.txt
160.25.8.141,11011,Bangladesh,socks5.txt
185.149.240.155,1080,Russia,socks5.txt
157.180.121.252,23627,Spain,socks5.txt
157.180.121.252,33901,Spain,socks5.txt
157.180.121.252,10721,United States,socks5.txt
37.221.193.221,21994,United States,socks5.txt
152.53.36.101,34449,France,socks5.txt
152.53.36.101,38273,United States,socks5.txt
152.53.36.101,20537,United States,socks5.txt
152.53.36.101,20257,United Kingdom,socks5.txt
152.53.36.101,38245,United States,socks5.txt
152.53.36.101,20079,United States,socks5.txt
157.180.121.252,35173,United Kingdom,socks5.txt
157.180.121.252,16299,France,socks5.txt
159.192.121.240,4145,Thailand,socks4.txt
184.178.172.14,4145,United States,socks4.txt
184.181.217.201,4145,United States,socks4.txt
184.181.217.220,4145,United States,socks4.txt
184.185.2.12,4145,United States,socks4.txt
208.65.90.21,4145,United States,socks4.txt
122.3.139.85,1080,Philippines,socks4.txt
199.116.114.11,4145,United States,socks4.txt
85.237.62.189,3629,Russia,socks4.txt
136.228.160.250,5678,Myanmar,socks4.txt
123.231.230.58,31196,Indonesia,socks4.txt
198.177.254.131,4145,United States,socks4.txt
198.177.253.13,4145,United States,socks4.txt
88.87.79.18,3629,Russia,socks4.txt
177.92.78.138,1080,Brazil,socks4.txt
184.182.240.12,4145,United States,socks4.txt
184.182.240.211,4145,United States,socks4.txt
192.104.242.158,4145,United States,socks4.txt
180.94.28.114,6969,Bangladesh,socks4.txt
80.78.78.106,65530,Albania,socks4.txt
138.124.49.149,10808,Switzerland,socks4.txt
5.75.168.247,8033,Germany,socks4.txt
5.75.168.247,8044,The Netherlands,socks4.txt
167.253.159.241,8890,Singapore,socks4.txt
5.75.168.247,8035,Sweden,socks4.txt
213.198.140.108,1080,Italy,socks4.txt
213.198.139.98,1080,Italy,socks4.txt
213.198.138.43,1080,Italy,socks4.txt
158.101.175.124,5566,Poland,connect.txt
195.34.91.67,8080,Ukraine,connect.txt
88.198.212.91,3128,Germany,connect.txt
93.180.221.205,8080,Iraq,connect.txt
154.73.28.241,8080,Libya,connect.txt
102.217.139.31,8180,South Africa,connect.txt
47.176.240.250,4228,United States,connect.txt
90.156.194.75,8026,Uzbekistan,connect.txt
58.84.16.214,1231,Malaysia,connect.txt
201.159.99.37,8081,Mexico,connect.txt
190.119.90.114,8080,Peru,connect.txt
103.245.109.57,39355,Bangladesh,connect.txt
146.190.80.158,9090,Singapore,connect.txt
128.199.113.85,9090,Singapore,connect.txt
152.42.170.187,9090,Singapore,connect.txt
128.199.121.61,9090,Singapore,connect.txt
128.199.120.45,9090,Singapore,connect.txt
103.238.232.158,8080,Indonesia,connect.txt
103.133.26.119,8080,Indonesia,connect.txt
216.122.181.210,999,Dominican Republic,connect.txt
165.16.92.193,8104,Libya,connect.txt
103.180.118.184,8080,Indonesia,connect.txt
89.43.31.134,3128,T�rkiye,connect.txt
103.147.134.59,8080,Indonesia,connect.txt
38.3.162.129,999,United States,connect.txt
36.95.22.27,8080,Indonesia,connect.txt
31.193.193.69,1488,Lithuania,connect.txt
91.211.212.6,32650,Greece,connect.txt
103.10.55.137,8664,Bangladesh,connect.txt
38.158.83.233,999,Peru,connect.txt
103.76.201.126,8080,Indonesia,connect.txt
103.156.14.26,8080,Indonesia,connect.txt
170.245.132.85,999,Paraguay,connect.txt
45.115.136.32,8080,Indonesia,connect.txt
157.66.50.61,8080,Indonesia,connect.txt
170.78.5.214,8080,Brazil,connect.txt
94.136.143.92,8888,Slovakia,connect.txt
27.124.81.146,8080,Indonesia,connect.txt
190.97.230.198,999,Venezuela,connect.txt
103.154.118.245,8080,Indonesia,connect.txt
210.87.125.146,8090,Indonesia,connect.txt
103.191.165.146,8090,Indonesia,connect.txt
199.116.62.148,9999,Puerto Rico,connect.txt
103.144.253.234,8080,Indonesia,connect.txt
103.133.27.159,8085,Indonesia,connect.txt
103.121.199.138,62797,Indonesia,connect.txt
103.119.147.235,8080,Indonesia,connect.txt
103.125.174.5,8080,Indonesia,connect.txt
181.143.181.35,8080,Colombia,connect.txt
177.200.239.141,999,Dominican Republic,connect.txt
103.169.254.105,8080,Indonesia,connect.txt
103.147.246.184,3127,Indonesia,connect.txt
186.96.73.181,999,Venezuela,connect.txt
192.203.0.70,999,Puerto Rico,connect.txt
157.15.82.118,8080,Indonesia,connect.txt
103.189.123.110,8080,Indonesia,connect.txt
45.178.55.2,999,Argentina,connect.txt
38.190.100.236,999,United States,connect.txt
103.191.196.212,8080,Indonesia,connect.txt
103.191.196.98,8881,Indonesia,connect.txt
46.16.229.254,8079,Russia,connect.txt
103.17.246.60,1080,Indonesia,connect.txt
187.49.176.141,8080,Brazil,connect.txt
103.210.22.17,3128,Singapore,connect.txt
202.93.247.42,8090,Indonesia,connect.txt
103.81.194.167,8080,Indonesia,connect.txt
103.215.187.112,1080,Indonesia,connect.txt
41.203.76.166,8080,Nigeria,connect.txt
103.173.139.22,8080,Indonesia,connect.txt
102.66.2.187,9999,South Africa,connect.txt
181.209.75.124,8080,Argentina,connect.txt
160.119.228.146,12354,South Africa,connect.txt
141.147.138.24,3128,Saudi Arabia,connect.txt
190.97.226.134,999,Venezuela,connect.txt
34.41.115.197,3128,United States,connect.txt
76.169.128.104,8080,United States,connect.txt
103.238.232.126,8080,Indonesia,connect.txt
103.169.133.118,8085,Indonesia,connect.txt
177.70.77.201,20183,Brazil,connect.txt
157.10.97.185,8080,Indonesia,connect.txt
115.247.115.38,8080,India,connect.txt
213.231.7.10,8282,Ukraine,connect.txt
103.231.236.227,8182,Indonesia,connect.txt
116.68.203.3,3128,Bangladesh,connect.txt
58.69.1.146,8082,Philippines,connect.txt
103.148.49.197,8080,Indonesia,connect.txt
202.77.112.245,8080,Indonesia,connect.txt
103.168.148.129,8080,Indonesia,connect.txt
45.230.170.30,999,Venezuela,connect.txt
103.133.27.239,8080,Indonesia,connect.txt
45.133.107.238,81,Armenia,connect.txt
38.51.233.82,8090,Colombia,connect.txt
36.95.173.90,8899,Indonesia,connect.txt
123.25.234.143,8090,Vietnam,connect.txt
103.253.18.6,8080,Pakistan,connect.txt
87.229.205.227,8080,Russia,connect.txt
138.117.13.129,999,Argentina,connect.txt
143.208.57.162,999,Guatemala,connect.txt
103.160.68.233,8080,Indonesia,connect.txt
138.59.20.140,9999,Brazil,connect.txt
181.119.67.133,999,Colombia,connect.txt
122.3.87.41,8080,Philippines,connect.txt
190.8.164.245,999,Venezuela,connect.txt
102.68.128.217,8080,Libya,connect.txt
65.20.189.104,9090,Iraq,connect.txt
80.78.75.80,8080,Albania,connect.txt
36.95.27.225,8080,Indonesia,connect.txt
103.139.126.31,8080,Indonesia,connect.txt
36.95.61.186,8080,Indonesia,connect.txt
103.167.156.25,8083,Indonesia,connect.txt
103.155.169.62,8299,Indonesia,connect.txt
181.78.197.235,999,Ecuador,connect.txt
103.158.97.196,8080,Indonesia,connect.txt
103.107.78.192,8080,Bangladesh,connect.txt
200.114.97.71,999,Argentina,connect.txt
103.152.238.53,1080,Indonesia,connect.txt
209.14.118.116,999,Colombia,connect.txt
103.145.34.153,1111,Indonesia,connect.txt
37.211.158.191,8080,Qatar,connect.txt
103.227.187.75,8080,Indonesia,connect.txt
103.188.173.54,8082,Indonesia,connect.txt
103.144.103.155,8080,Indonesia,connect.txt
190.97.226.48,999,Venezuela,connect.txt
177.130.104.118,33333,Brazil,connect.txt
103.166.8.238,1080,Indonesia,connect.txt
185.58.17.1,8080,Ireland,connect.txt
103.194.175.181,7777,Indonesia,connect.txt
181.78.49.207,999,Argentina,connect.txt
181.114.62.1,8085,Argentina,connect.txt
190.97.228.46,465,Venezuela,connect.txt
181.115.67.3,999,Honduras,connect.txt
145.40.96.156,9401,The Netherlands,connect.txt
145.40.96.156,9443,The Netherlands,connect.txt
190.97.232.248,999,Venezuela,connect.txt
103.18.78.250,8080,Indonesia,connect.txt
193.43.140.228,8080,Syria,connect.txt
103.171.241.54,8080,Indonesia,connect.txt
40.192.6.219,8187,Germany,connect.txt
179.1.201.140,9992,Colombia,connect.txt
84.18.100.250,8080,Russia,connect.txt
37.238.63.47,8080,Iraq,connect.txt
119.47.93.126,8085,Indonesia,connect.txt
157.66.81.111,3128,Vietnam,connect.txt
124.83.43.145,8080,Philippines,connect.txt
103.169.53.145,8080,India,connect.txt
38.52.161.101,999,Dominican Republic,connect.txt
167.86.86.221,9080,Czechia,connect.txt
18.188.141.177,8081,Germany,connect.txt
203.205.33.131,1452,Vietnam,connect.txt
192.203.0.118,999,Puerto Rico,connect.txt
190.14.254.49,999,Colombia,connect.txt
102.23.239.2,8080,South Africa,connect.txt
201.190.178.205,8080,Argentina,connect.txt
58.147.189.63,8081,Indonesia,connect.txt
182.253.215.158,8080,Indonesia,connect.txt
103.20.109.129,8888,Indonesia,connect.txt
165.16.3.254,9999,Libya,connect.txt
187.49.178.237,8080,Brazil,connect.txt
202.73.24.246,8080,Indonesia,connect.txt
202.148.13.182,8080,Indonesia,connect.txt
190.130.6.11,8080,Honduras,connect.txt
179.125.61.201,8080,Brazil,connect.txt
202.159.35.84,9933,Indonesia,connect.txt
138.0.140.51,8080,Brazil,connect.txt
154.19.38.195,1111,United States,connect.txt
193.24.30.50,37777,Ukraine,connect.txt
202.148.15.90,8080,Indonesia,connect.txt
196.202.91.43,8080,Egypt,connect.txt
177.129.249.170,8080,Brazil,connect.txt
38.191.219.107,999,Colombia,connect.txt
18.143.167.190,9991,United States,connect.txt
38.191.204.165,999,Colombia,connect.txt
43.252.238.222,8080,Indonesia,connect.txt
157.66.84.1,8080,Indonesia,connect.txt
123.0.18.19,1452,Bangladesh,connect.txt
92.180.22.224,8081,Romania,connect.txt
157.175.45.145,8065,United States,connect.txt
43.208.251.198,1080,United States,connect.txt
200.71.111.90,999,Mexico,connect.txt
163.61.187.18,7777,,connect.txt
115.78.135.4,3334,Vietnam,connect.txt
43.230.129.230,8080,Indonesia,connect.txt
160.25.196.44,8090,Indonesia,connect.txt
202.58.73.246,1111,Indonesia,connect.txt
222.127.132.6,8080,Philippines,connect.txt
157.100.56.47,999,Ecuador,connect.txt
167.250.222.233,999,Guatemala,connect.txt
103.160.182.33,8080,Indonesia,connect.txt
147.75.101.247,10006,The Netherlands,connect.txt
3.122.235.189,41,The Netherlands,connect.txt
43.209.8.12,4105,The Netherlands,connect.txt
16.78.47.161,411,United States,connect.txt
103.187.162.221,8022,Indonesia,connect.txt
157.175.147.228,4256,United States,connect.txt
103.160.202.174,8080,Indonesia,connect.txt
110.74.215.170,8080,Cambodia,connect.txt
181.78.202.29,8080,Ecuador,connect.txt
38.194.231.70,999,United States,connect.txt
181.174.228.164,999,Colombia,connect.txt
113.192.31.199,8080,Indonesia,connect.txt
103.175.46.13,8080,Indonesia,connect.txt
103.78.215.250,8080,Indonesia,connect.txt
103.42.118.29,8080,Indonesia,connect.txt
177.11.67.163,8999,Brazil,connect.txt
16.78.41.33,9090,United States,connect.txt
147.75.101.247,10038,The Netherlands,connect.txt
43.208.129.50,10038,Poland,connect.txt
177.234.217.235,999,Ecuador,connect.txt
170.81.241.226,999,Peru,connect.txt
18.143.167.190,45026,United States,connect.txt
177.11.67.161,8999,Brazil,connect.txt
157.20.100.70,8080,Indonesia,connect.txt
13.59.113.45,4334,The Netherlands,connect.txt
88.216.98.236,53983,United States,connect.txt
103.46.4.95,8080,Indonesia,connect.txt
103.129.175.43,8080,Indonesia,connect.txt
183.88.213.178,8080,Thailand,connect.txt
16.78.47.161,35261,Germany,connect.txt
147.75.88.38,3128,United States,connect.txt
103.189.116.110,8080,Indonesia,connect.txt
18.143.165.238,10035,United States,connect.txt
43.208.16.9,480,Germany,connect.txt
103.109.1.78,8080,Indonesia,connect.txt
16.78.108.50,418,United States,connect.txt
119.95.167.228,8082,Philippines,connect.txt
103.156.233.41,8080,Indonesia,connect.txt
103.93.93.178,8181,Indonesia,connect.txt
51.15.17.100,3128,France,connect.txt
16.78.93.162,38027,Sweden,connect.txt
44.251.173.250,237,Sweden,connect.txt
177.234.217.236,999,Ecuador,connect.txt
145.40.97.148,9400,The Netherlands,connect.txt
145.40.97.148,10003,The Netherlands,connect.txt
145.40.97.148,10005,The Netherlands,connect.txt
145.40.97.148,10006,The Netherlands,connect.txt
145.40.97.148,9401,The Netherlands,connect.txt
145.40.97.148,10009,The Netherlands,connect.txt
145.40.97.148,10002,The Netherlands,connect.txt
147.75.88.120,9400,United States,connect.txt
41.65.160.173,1976,Egypt,connect.txt
145.40.97.148,10030,The Netherlands,connect.txt
188.235.146.220,40754,Russia,connect.txt
197.164.101.13,1976,Egypt,connect.txt
157.66.221.103,39099,Vietnam,connect.txt
170.80.203.35,999,Dominican Republic,connect.txt
145.40.97.148,9443,The Netherlands,connect.txt
147.75.34.92,10000,The Netherlands,connect.txt
31.211.69.52,3128,Russia,connect.txt
103.171.82.213,8080,Indonesia,connect.txt
15.160.181.77,8858,Sweden,connect.txt
13.59.113.45,44,United States,connect.txt
54.154.27.41,2012,Luxembourg,connect.txt
18.179.12.21,262,Sweden,connect.txt
18.179.12.21,8562,Germany,connect.txt
110.76.145.22,89,Indonesia,connect.txt
43.209.8.12,8639,Germany,connect.txt
15.160.186.74,9745,Germany,connect.txt
36.95.147.47,8080,Indonesia,connect.txt
103.163.103.163,8010,Indonesia,connect.txt
202.154.18.11,9091,Indonesia,connect.txt
15.160.181.77,9099,United States,connect.txt
103.167.170.83,8097,Indonesia,connect.txt
103.171.183.245,8097,Indonesia,connect.txt
78.12.193.250,8085,Sweden,connect.txt
78.12.220.164,221,United States,connect.txt
147.75.88.38,10051,United States,connect.txt
145.40.68.148,10051,The Netherlands,connect.txt
210.87.74.71,8080,Indonesia,connect.txt
13.231.159.110,295,Germany,connect.txt
78.12.143.148,53471,New Zealand,connect.txt
157.175.42.134,20522,Germany,connect.txt
78.12.193.250,88,The Netherlands,connect.txt
103.172.23.86,1111,Indonesia,connect.txt
212.96.201.54,1080,Russia,connect.txt
157.175.43.137,15864,Sweden,connect.txt
13.231.159.110,9255,United States,connect.txt
43.216.1.13,49879,United States,connect.txt
163.61.112.245,8080,,connect.txt
112.203.51.44,8082,Philippines,connect.txt
203.207.56.23,8080,Indonesia,connect.txt
103.107.160.192,8080,Bangladesh,connect.txt
45.70.120.10,8080,Brazil,connect.txt
132.255.10.94,8080,Argentina,connect.txt
54.154.27.41,46450,The Netherlands,connect.txt
13.231.159.110,8024,United States,connect.txt
78.12.193.250,8890,Switzerland,connect.txt
18.143.173.102,8065,United States,connect.txt
145.40.97.148,10016,The Netherlands,connect.txt
157.175.42.134,10024,United States,connect.txt
78.13.74.125,9235,United States,connect.txt
78.12.223.246,9489,Sweden,connect.txt
78.12.249.123,9100,Sweden,connect.txt
18.60.222.217,9025,United States,connect.txt
78.12.82.74,8054,Austria,connect.txt
45.186.208.34,8080,Venezuela,connect.txt
13.247.64.55,24299,United States,connect.txt
78.12.121.123,9277,Germany,connect.txt
89.200.217.250,8080,T�rkiye,connect.txt
18.226.170.181,423,United States,connect.txt
81.196.74.147,8080,Romania,connect.txt
147.75.101.247,10077,The Netherlands,connect.txt
40.172.232.213,10105,Germany,connect.txt
40.192.27.104,9518,Hungary,connect.txt
145.40.68.148,10035,The Netherlands,connect.txt
202.47.185.186,1080,Indonesia,connect.txt
145.40.97.148,10011,The Netherlands,connect.txt
145.40.97.148,10014,The Netherlands,connect.txt
43.208.240.77,3906,Sweden,connect.txt
145.40.97.148,10801,The Netherlands,connect.txt
43.216.1.13,8711,United States,connect.txt
145.40.68.148,9400,The Netherlands,connect.txt
13.61.18.44,9030,United States,connect.txt
15.160.186.74,682,United States,connect.txt
43.198.248.18,8647,United States,connect.txt
145.40.97.148,10919,The Netherlands,connect.txt
207.254.28.68,2025,Ireland,connect.txt
78.13.74.125,8843,United States,connect.txt
163.61.112.248,8080,,connect.txt
145.40.97.148,10029,The Netherlands,connect.txt
45.174.94.26,999,Mexico,connect.txt
103.188.174.243,6060,Indonesia,connect.txt
103.69.106.154,8181,Indonesia,connect.txt
45.167.125.252,2021,Colombia,connect.txt
16.78.105.11,9875,Germany,connect.txt
147.75.34.92,10002,The Netherlands,connect.txt
103.230.63.107,19201,Bangladesh,connect.txt
152.53.36.101,58579,United States,connect.txt
8.243.163.39,999,Colombia,connect.txt
103.248.9.232,8097,Indonesia,connect.txt
3.107.252.199,506,United States,connect.txt
202.145.5.184,8080,Indonesia,connect.txt
103.151.221.114,8080,Indonesia,connect.txt
43.198.185.30,4088,Germany,connect.txt
16.78.82.73,9139,Germany,connect.txt
35.183.64.191,5101,Luxembourg,connect.txt
145.40.97.148,11201,The Netherlands,connect.txt
78.12.143.148,9189,United States,connect.txt
35.183.64.191,23757,United States,connect.txt
18.143.173.102,9304,United States,connect.txt
13.115.193.75,8941,Sweden,connect.txt
157.175.196.122,36918,Germany,connect.txt
145.40.97.148,10290,The Netherlands,connect.txt
13.60.209.160,4097,The Netherlands,connect.txt
54.90.159.174,9401,United States,connect.txt
45.4.58.223,8080,Brazil,connect.txt
14.189.225.247,8080,Vietnam,connect.txt
115.74.6.103,8080,Vietnam,connect.txt
15.168.235.57,10442,Luxembourg,connect.txt
8.243.197.200,999,Ecuador,connect.txt
157.175.147.228,38786,United States,connect.txt
78.12.143.148,9947,The Netherlands,connect.txt
157.175.152.104,58989,United States,connect.txt
157.175.197.28,8168,United States,connect.txt
13.59.97.103,28071,United States,connect.txt
103.202.223.2,8070,Bangladesh,connect.txt
40.176.96.235,50445,Romania,connect.txt
103.30.30.5,10521,,connect.txt
51.16.56.189,52931,United States,connect.txt
40.192.39.118,3128,United States,connect.txt
40.192.31.252,3128,Japan,connect.txt
16.78.47.161,8535,United States,connect.txt
152.53.36.101,23393,Germany,connect.txt
78.12.82.74,8251,Germany,connect.txt
40.192.39.118,1080,United States,connect.txt
67.43.228.252,23107,France,connect.txt
13.218.86.1,8019,United States,connect.txt
112.203.34.250,8082,Philippines,connect.txt
103.172.23.34,1080,Indonesia,connect.txt
41.128.183.11,1976,Egypt,connect.txt
147.75.34.92,9401,The Netherlands,connect.txt
176.117.106.149,8080,Germany,connect.txt
213.131.85.27,1976,Egypt,connect.txt
190.61.45.92,8081,Colombia,connect.txt
190.102.233.100,999,Chile,connect.txt
180.190.188.183,8082,Philippines,connect.txt
201.184.128.170,8080,Colombia,connect.txt
190.186.18.161,999,Bolivia,connect.txt
181.39.24.146,999,Ecuador,connect.txt
43.209.8.12,1040,United States,connect.txt
16.78.105.11,39889,United States,connect.txt
43.198.185.30,6218,United States,connect.txt
3.107.252.199,3936,United States,connect.txt
78.12.223.246,205,Germany,connect.txt
43.205.124.165,8645,United States,connect.txt
157.175.196.122,570,United States,connect.txt
157.175.152.104,31750,United States,connect.txt
160.20.165.2,8090,Ecuador,connect.txt
16.78.93.162,30145,Germany,connect.txt
119.148.8.54,8443,Bangladesh,connect.txt
67.43.236.20,26957,United States,connect.txt
18.163.49.218,10115,United States,connect.txt
67.43.228.250,7493,Venezuela,connect.txt
177.93.59.150,999,Colombia,connect.txt
45.166.94.1,999,Honduras,connect.txt
121.165.169.217,8064,South Korea,connect.txt
16.78.82.73,4701,United States,connect.txt
51.16.56.189,489,Germany,connect.txt
103.112.162.163,7777,Indonesia,connect.txt
103.67.91.101,7777,Indonesia,connect.txt
78.12.223.246,39779,Seychelles,connect.txt
103.55.22.52,8090,Indonesia,connect.txt
40.192.100.189,8092,Germany,connect.txt
43.208.240.77,587,United States,connect.txt
40.192.100.166,343,United States,connect.txt
49.48.98.19,8080,Thailand,connect.txt
103.22.99.95,1111,Indonesia,connect.txt
13.115.193.75,18616,United States,connect.txt
51.91.96.190,8080,France,connect.txt
103.167.170.70,1111,Indonesia,connect.txt
185.82.99.190,8724,Lebanon,connect.txt
181.39.24.153,999,Ecuador,connect.txt
145.40.97.148,10916,The Netherlands,connect.txt
152.53.36.101,32747,Canada,connect.txt
40.192.3.100,10509,Sweden,connect.txt
16.78.93.162,55290,Germany,connect.txt
51.16.56.189,8612,United States,connect.txt
145.40.97.148,11213,The Netherlands,connect.txt
145.40.97.148,10678,The Netherlands,connect.txt
125.25.32.38,8080,Thailand,connect.txt
13.212.81.49,20704,The Netherlands,connect.txt
184.82.38.108,8080,Thailand,connect.txt
18.183.141.82,46146,United States,connect.txt
54.154.27.41,9119,United States,connect.txt
67.43.228.253,25701,Malaysia,connect.txt
52.47.164.226,8032,Germany,connect.txt
54.154.27.41,8028,Germany,connect.txt
152.53.36.101,35513,Canada,connect.txt
152.53.36.101,30681,United Kingdom,connect.txt
40.192.6.219,14921,Sweden,connect.txt
18.226.170.181,8352,United States,connect.txt
152.53.36.101,16931,Canada,connect.txt
72.10.160.93,8481,Indonesia,connect.txt
145.40.97.148,10904,The Netherlands,connect.txt
43.225.151.14,25251,Bangladesh,connect.txt
203.150.113.93,8080,Thailand,connect.txt
103.132.152.201,1452,India,connect.txt
145.40.97.148,50030,The Netherlands,connect.txt
182.160.114.211,8080,Bangladesh,connect.txt
13.115.193.75,7657,United States,connect.txt
15.168.235.57,14981,United States,connect.txt
43.208.16.9,8437,United States,connect.txt
51.16.49.113,13647,France,connect.txt
13.61.18.44,9119,Luxembourg,connect.txt
43.208.25.125,2493,Germany,connect.txt
78.12.230.52,58579,Poland,connect.txt
40.192.100.189,10031,United States,connect.txt
16.78.82.73,10102,Sweden,connect.txt
13.211.233.22,39489,Seychelles,connect.txt
18.143.165.238,34442,United States,connect.txt
18.163.3.251,20374,United States,connect.txt
40.176.96.235,44012,The Netherlands,connect.txt
16.78.93.162,12629,Denmark,connect.txt
15.168.235.57,20750,United States,connect.txt
54.180.143.12,37517,United States,connect.txt
52.47.164.226,10090,Germany,connect.txt
43.209.8.12,8291,United States,connect.txt
157.175.170.170,56420,United States,connect.txt
147.75.101.246,10029,The Netherlands,connect.txt
152.53.36.101,38517,France,connect.txt
40.176.96.235,5138,United States,connect.txt
78.12.249.123,9947,Germany,connect.txt
152.53.36.101,20835,United States,connect.txt
13.212.76.113,59394,United States,connect.txt
202.191.125.72,25251,Bangladesh,connect.txt
137.59.49.65,25251,Bangladesh,connect.txt
202.5.52.80,25251,Bangladesh,connect.txt
147.75.101.246,443,The Netherlands,connect.txt
13.61.18.44,25251,France,connect.txt
78.12.193.250,17089,Germany,connect.txt
8.219.97.248,80,Singapore,http.txt
47.56.110.204,8989,Hong Kong,http.txt
203.19.38.114,1080,China,http.txt
123.30.154.171,7777,Vietnam,http.txt
154.65.39.7,80,Senegal,http.txt
83.143.24.66,80,Botswana,http.txt
103.216.50.11,8080,Cambodia,http.txt
8.209.255.13,3128,Japan,http.txt
47.91.65.23,3128,Germany,http.txt
84.39.112.144,3128,Switzerland,http.txt
182.253.181.10,8080,Indonesia,http.txt
97.74.87.226,80,Singapore,http.txt
187.111.144.102,8080,Brazil,http.txt
110.164.128.124,8080,Thailand,http.txt
185.138.120.109,8080,Iraq,http.txt
182.253.7.146,8180,Indonesia,http.txt
142.93.202.130,3128,United States,http.txt
119.252.173.26,8080,Indonesia,http.txt
103.174.236.88,8080,Indonesia,http.txt
181.209.82.91,1994,Argentina,http.txt
24.72.215.236,8246,United States,http.txt
103.189.197.117,3125,Indonesia,http.txt
193.68.115.14,8080,Bulgaria,http.txt
159.65.230.46,8888,United States,http.txt
115.178.49.119,8080,Indonesia,http.txt
209.14.98.6,8080,Colombia,http.txt
70.63.90.245,8080,United States,http.txt
180.211.94.50,8080,Indonesia,http.txt
149.86.159.4,8080,T�rkiye,http.txt
202.154.19.165,8080,Indonesia,http.txt
79.110.202.184,8081,Poland,http.txt
79.110.200.148,8081,Poland,http.txt
91.241.217.58,9090,Ukraine,http.txt
83.168.74.163,8080,Poland,http.txt
212.127.95.235,8081,Poland,http.txt
187.62.241.136,8080,Brazil,http.txt
41.93.63.66,8080,Tanzania,http.txt
38.183.213.248,999,Venezuela,http.txt
38.199.30.195,999,Colombia,http.txt
117.103.71.77,8715,Indonesia,http.txt
103.220.23.211,8080,Indonesia,http.txt
103.38.54.64,83,Bangladesh,http.txt
159.224.232.194,8888,Ukraine,http.txt
203.95.199.7,8080,Cambodia,http.txt
201.76.9.115,8080,Brazil,http.txt
62.162.193.125,8081,North Macedonia,http.txt
31.10.83.158,8080,Russia,http.txt
96.30.79.84,8081,Thailand,http.txt
79.110.200.27,8000,Poland,http.txt
157.20.128.247,8080,Indonesia,http.txt
103.160.40.10,8080,Indonesia,http.txt
91.236.74.10,8080,Greece,http.txt
185.236.182.114,999,Colombia,http.txt
141.136.63.126,8080,Venezuela,http.txt
103.81.194.126,8080,Indonesia,http.txt
20.27.14.220,8561,Japan,http.txt
20.78.118.91,8561,Japan,http.txt
217.76.245.24,999,Panama,http.txt
103.191.129.245,8020,Indonesia,http.txt
8.213.151.128,3128,Singapore,http.txt
47.243.92.199,3128,Hong Kong,http.txt
47.91.104.88,3128,United Arab Emirates,http.txt
115.147.34.75,8082,Philippines,http.txt
20.27.15.49,8561,Japan,http.txt
47.89.184.18,3128,United States,http.txt
20.210.39.153,8561,Japan,http.txt
20.27.15.111,8561,Japan,http.txt
20.27.11.248,8561,Japan,http.txt
201.244.16.139,999,Argentina,http.txt
185.88.177.197,80,Iran,http.txt
5.102.109.41,999,Mexico,http.txt
202.165.92.206,8080,Myanmar,http.txt
91.233.169.23,8081,Russia,http.txt
181.119.111.59,999,Guatemala,http.txt
38.51.243.189,999,Colombia,http.txt
103.10.228.119,8080,Thailand,http.txt
185.205.142.142,8080,Myanmar,http.txt
187.84.176.20,8080,Brazil,http.txt
186.96.111.214,999,Colombia,http.txt
103.171.245.101,1080,Indonesia,http.txt
102.213.179.194,8081,Kenya,http.txt
89.58.55.33,80,Germany,http.txt
89.58.57.45,80,Germany,http.txt
103.153.39.35,8083,Pakistan,http.txt
23.237.210.82,80,United States,http.txt
103.147.118.142,7777,Indonesia,http.txt
103.81.194.165,8080,Indonesia,http.txt
45.167.93.24,999,Mexico,http.txt
43.135.36.240,80,Hong Kong,http.txt
103.188.169.95,8080,Indonesia,http.txt
112.198.179.39,8082,Philippines,http.txt
160.251.142.232,80,Japan,http.txt
102.207.191.68,8080,,http.txt
177.68.149.122,8080,Brazil,http.txt
45.4.202.170,999,Ecuador,http.txt
103.155.198.253,8006,Indonesia,http.txt
27.72.100.236,4995,Vietnam,http.txt
102.88.13.62,8080,Nigeria,http.txt
58.147.187.20,8080,Indonesia,http.txt
103.188.169.160,7777,Indonesia,http.txt
202.154.241.199,808,Pakistan,http.txt
84.22.48.150,8080,Kosovo,http.txt
103.247.23.76,8081,Indonesia,http.txt
38.52.222.243,999,Dominican Republic,http.txt
36.64.181.82,8080,Indonesia,http.txt
77.104.76.230,8080,Iran,http.txt
163.61.55.11,8085,,http.txt
147.75.88.121,9443,United States,http.txt
103.171.245.184,1080,Indonesia,http.txt
36.95.17.15,80,Indonesia,http.txt
103.157.24.205,1080,Indonesia,http.txt
163.223.78.97,8080,Japan,http.txt
103.231.239.166,58080,Bangladesh,http.txt
45.5.118.249,999,Guatemala,http.txt
102.0.18.198,8080,Kenya,http.txt
186.67.94.10,999,Chile,http.txt
160.19.18.99,8080,Indonesia,http.txt
103.81.194.124,8080,Indonesia,http.txt
110.76.145.59,89,Indonesia,http.txt
87.239.31.42,80,Russia,http.txt
103.138.145.34,80,Bangladesh,http.txt
103.122.64.201,8080,Indonesia,http.txt
67.219.118.122,8080,United States,http.txt
143.255.147.242,8080,Brazil,http.txt
103.152.238.179,1080,Indonesia,http.txt
103.97.140.96,8080,Indonesia,http.txt
38.252.213.67,999,Peru,http.txt
200.215.229.3,999,Peru,http.txt
66.96.233.62,8085,Indonesia,http.txt
34.124.190.108,8090,Germany,http.txt
4.245.123.244,80,The Netherlands,http.txt
4.195.16.140,80,Australia,http.txt
124.108.6.20,8085,Cambodia,http.txt
147.75.34.105,443,The Netherlands,http.txt
108.141.130.146,80,The Netherlands,http.txt
157.20.144.195,8089,Indonesia,http.txt
20.210.76.175,8561,Japan,http.txt
58.69.222.240,8082,Philippines,http.txt
103.126.119.155,8080,Indonesia,http.txt
2.57.218.130,8080,Georgia,http.txt
103.143.197.90,8080,Indonesia,http.txt
45.224.149.77,999,Ecuador,http.txt
169.239.223.79,9999,South Africa,http.txt
103.191.165.219,8181,Indonesia,http.txt
180.191.23.171,8081,Philippines,http.txt
69.160.18.126,8080,United States,http.txt
103.127.220.62,8080,Indonesia,http.txt
188.225.33.99,8382,Russia,http.txt
103.227.186.217,6080,Indonesia,http.txt
190.103.205.253,9097,Argentina,http.txt
79.106.33.26,8079,Albania,http.txt
192.203.0.210,999,Puerto Rico,http.txt
45.167.126.42,999,Colombia,http.txt
103.250.13.254,8080,Indonesia,http.txt
147.75.101.247,10007,The Netherlands,http.txt
38.194.251.180,999,Mexico,http.txt
103.193.145.27,8080,Indonesia,http.txt
43.229.254.221,8181,Indonesia,http.txt
103.224.124.235,8080,Indonesia,http.txt
45.188.125.49,999,Mexico,http.txt
110.38.226.139,8080,Pakistan,http.txt
115.187.30.171,1111,Indonesia,http.txt
119.235.112.42,3128,Turkmenistan,http.txt
38.65.174.107,999,Mexico,http.txt
83.219.145.108,3128,Russia,http.txt
197.232.158.189,41890,Kenya,http.txt
151.237.86.78,8080,Bulgaria,http.txt
89.104.102.209,58080,Uzbekistan,http.txt
183.88.220.245,8080,Thailand,http.txt
103.85.53.62,8080,Indonesia,http.txt
103.18.77.154,8085,Indonesia,http.txt
103.167.171.134,8181,Indonesia,http.txt
103.55.225.38,8080,Indonesia,http.txt
36.50.224.37,8085,Indonesia,http.txt
186.235.123.3,8080,Brazil,http.txt
41.70.10.14,8080,Malawi,http.txt
190.217.19.185,999,Colombia,http.txt
103.99.136.18,8080,Indonesia,http.txt
103.158.252.66,8080,Indonesia,http.txt
47.74.157.194,80,Singapore,http.txt
154.19.184.154,80,United States,http.txt
90.162.35.34,80,Spain,http.txt
103.171.255.170,8080,Indonesia,http.txt
112.216.83.10,3128,South Korea,http.txt
103.238.232.34,1111,Indonesia,http.txt
20.210.76.104,8561,Japan,http.txt
20.210.76.178,8561,Japan,http.txt
186.65.106.90,2024,Brazil,http.txt
103.18.77.14,1111,Indonesia,http.txt
103.172.196.221,8080,Indonesia,http.txt
45.166.93.113,999,Honduras,http.txt
103.175.224.131,8080,Indonesia,http.txt
103.141.150.191,8080,Indonesia,http.txt
101.255.69.26,8080,Indonesia,http.txt
103.41.250.97,8080,Indonesia,http.txt
186.96.160.204,999,Mexico,http.txt
185.191.236.162,3128,Switzerland,http.txt
79.106.108.132,8079,Albania,http.txt
190.52.100.8,999,Venezuela,http.txt
110.235.136.71,8081,Philippines,http.txt
103.82.246.19,6080,Indonesia,http.txt
103.174.236.67,8999,Indonesia,http.txt
38.253.80.25,999,Peru,http.txt
124.105.79.237,8080,Philippines,http.txt
154.73.28.89,8080,Libya,http.txt
212.182.119.149,8080,Poland,http.txt
185.19.4.22,3128,Ukraine,http.txt
195.87.136.2,5331,T�rkiye,http.txt
45.188.167.25,999,Mexico,http.txt
103.173.140.145,8080,Indonesia,http.txt
112.198.138.14,8082,Philippines,http.txt
38.211.24.26,8090,Indonesia,http.txt
86.109.3.23,10006,United States,http.txt
200.70.35.2,8080,Argentina,http.txt
179.1.201.131,9992,Colombia,http.txt
45.225.105.172,8080,Ecuador,http.txt
102.66.161.200,9999,South Africa,http.txt
157.10.97.101,8181,Indonesia,http.txt
103.76.109.107,1081,Indonesia,http.txt
103.70.79.3,8080,Indonesia,http.txt
189.73.53.94,8080,Brazil,http.txt
186.0.144.81,9797,Brazil,http.txt
185.17.153.178,8080,Russia,http.txt
138.121.161.85,8097,Argentina,http.txt
181.209.121.238,999,Argentina,http.txt
79.110.198.37,8080,Poland,http.txt
200.95.184.50,999,Chile,http.txt
79.110.202.131,8081,Poland,http.txt
83.219.145.106,3128,Russia,http.txt
182.253.35.27,8080,Indonesia,http.txt
8.212.165.33,3333,Philippines,http.txt
203.83.41.97,8090,Indonesia,http.txt
192.203.0.62,999,Puerto Rico,http.txt
103.67.85.154,3127,Indonesia,http.txt
103.122.1.130,8181,Indonesia,http.txt
118.179.152.102,9999,Bangladesh,http.txt
177.136.86.241,999,Argentina,http.txt
125.27.192.162,8081,Thailand,http.txt
202.162.41.3,2024,Indonesia,http.txt
186.250.22.110,8080,Brazil,http.txt
202.59.89.43,8080,Pakistan,http.txt
197.221.234.253,80,Zimbabwe,http.txt
201.62.82.4,8080,Brazil,http.txt
130.185.120.38,8080,The Netherlands,http.txt
181.104.70.198,3128,Argentina,http.txt
190.242.157.215,8080,Colombia,http.txt
95.84.164.92,8998,Russia,http.txt
189.48.37.164,8999,Brazil,http.txt
103.161.69.252,2698,Bangladesh,http.txt
103.106.78.195,7070,Indonesia,http.txt
103.177.199.101,8080,Indonesia,http.txt
179.1.131.129,8080,Colombia,http.txt
210.87.125.210,8080,Indonesia,http.txt
76.72.147.141,3128,United States,http.txt
185.218.202.182,8080,Ukraine,http.txt
47.252.29.28,11222,Russia,http.txt
85.30.219.207,8080,Russia,http.txt
41.139.220.125,8080,Kenya,http.txt
147.75.88.121,3128,United States,http.txt
200.26.187.76,999,Dominican Republic,http.txt
38.191.204.83,999,Colombia,http.txt
147.75.101.247,10034,The Netherlands,http.txt
52.188.28.218,3128,United States,http.txt
203.76.220.126,16464,Bangladesh,http.txt
138.59.165.85,1025,Paraguay,http.txt
177.234.194.31,999,Ecuador,http.txt
177.234.194.30,999,Ecuador,http.txt
43.135.36.240,6555,Hong Kong,http.txt
187.103.105.20,8085,Brazil,http.txt
103.150.255.104,43969,Bangladesh,http.txt
37.238.63.43,8082,Iraq,http.txt
203.81.69.126,1248,Myanmar,http.txt
210.79.146.107,8090,Indonesia,http.txt
170.80.50.66,8080,Brazil,http.txt
160.25.196.12,8090,Indonesia,http.txt
36.93.249.242,8080,Indonesia,http.txt
43.251.215.2,8080,India,http.txt
223.25.110.216,8080,Indonesia,http.txt
201.62.125.142,8080,Brazil,http.txt
202.148.26.19,3128,Indonesia,http.txt
64.31.49.174,3128,United States,http.txt
45.9.190.7,8888,The Netherlands,http.txt
176.215.178.120,8080,Russia,http.txt
160.25.196.30,8090,Indonesia,http.txt
103.166.254.220,3124,Indonesia,http.txt
38.188.100.17,999,Peru,http.txt
37.230.57.121,999,Paraguay,http.txt
103.172.42.111,8080,Indonesia,http.txt
217.76.245.80,999,Panama,http.txt
103.48.71.50,83,India,http.txt
37.111.53.31,8080,Myanmar,http.txt
181.204.106.99,999,Colombia,http.txt
38.191.90.65,999,The Netherlands,http.txt
186.180.73.50,9090,Colombia,http.txt
80.74.54.148,3128,Germany,http.txt
185.128.240.2,3128,Romania,http.txt
86.109.3.23,10072,United States,http.txt
177.93.59.71,999,Colombia,http.txt
45.232.152.2,8080,Argentina,http.txt
209.14.119.122,999,Colombia,http.txt
103.147.246.17,8080,Indonesia,http.txt
103.191.169.70,8080,Indonesia,http.txt
163.223.172.29,1080,Japan,http.txt
157.15.139.138,8080,Indonesia,http.txt
182.160.97.150,8080,Bangladesh,http.txt
69.164.194.19,3128,United States,http.txt
154.205.155.190,3129,United States,http.txt
109.111.166.40,8080,Russia,http.txt
103.172.120.148,8989,Indonesia,http.txt
45.225.120.36,40033,Brazil,http.txt
103.111.136.157,8080,Indonesia,http.txt
154.159.247.119,8080,Kenya,http.txt
103.137.91.250,8080,Laos,http.txt
206.84.201.101,999,Peru,http.txt
103.189.116.138,1220,Indonesia,http.txt
45.229.204.123,999,Argentina,http.txt
202.43.122.156,1111,India,http.txt
104.238.228.201,3128,United States,http.txt
147.75.101.247,10070,The Netherlands,http.txt
147.75.88.121,9480,United States,http.txt
177.11.67.162,8999,Brazil,http.txt
177.11.67.164,8999,Brazil,http.txt
170.233.192.225,999,Chile,http.txt
38.188.165.38,999,Dominican Republic,http.txt
181.78.44.63,999,Argentina,http.txt
45.238.58.65,8080,Ecuador,http.txt
43.242.241.47,8080,Mongolia,http.txt
190.60.37.245,999,Colombia,http.txt
60.246.182.143,443,Macao,http.txt
103.155.190.90,8080,Indonesia,http.txt
62.193.108.132,1976,Egypt,http.txt
160.25.48.13,9090,Indonesia,http.txt
202.5.34.3,8443,Bangladesh,http.txt
103.187.113.90,9991,Indonesia,http.txt
188.191.165.159,70,Russia,http.txt
148.113.172.51,8080,Canada,http.txt
62.193.118.53,1981,Egypt,http.txt
41.65.67.165,1976,Egypt,http.txt
101.255.107.85,1111,Indonesia,http.txt
185.144.60.130,8095,Russia,http.txt
72.10.160.90,4211,Mexico,http.txt
200.85.167.254,8080,Nicaragua,http.txt
205.237.104.203,3128,United States,http.txt
203.95.199.159,8080,Cambodia,http.txt
126.209.1.14,8082,Philippines,http.txt
113.192.1.42,8181,Indonesia,http.txt
38.123.220.11,999,Mexico,http.txt
177.234.217.82,999,Ecuador,http.txt
31.56.78.162,8181,Indonesia,http.txt
186.65.109.21,81,Argentina,http.txt
189.201.153.93,999,Mexico,http.txt
197.164.101.13,1981,Egypt,http.txt
147.75.88.120,9443,United States,http.txt
103.180.118.174,6789,Indonesia,http.txt
95.67.121.206,45554,Ukraine,http.txt
201.144.25.10,8080,Mexico,http.txt
197.218.16.16,3128,Mozambique,http.txt
187.188.15.249,8080,Mexico,http.txt
45.7.13.162,8080,Brazil,http.txt
72.10.160.173,16309,South Korea,http.txt
156.155.50.93,8080,South Africa,http.txt
118.99.96.174,8080,Indonesia,http.txt
190.97.241.7,999,Venezuela,http.txt
147.75.101.247,10063,The Netherlands,http.txt
103.231.236.102,8182,Indonesia,http.txt
154.19.38.113,8097,United States,http.txt
103.97.140.102,8090,Indonesia,http.txt
103.68.2.130,8080,Indonesia,http.txt
154.19.38.121,8097,United States,http.txt
103.68.233.142,8097,Indonesia,http.txt
160.22.195.228,8097,Indonesia,http.txt
196.216.133.17,9999,South Africa,http.txt
170.80.202.216,999,Dominican Republic,http.txt
103.162.54.147,8080,Indonesia,http.txt
103.172.42.28,1111,United States,http.txt
203.95.198.180,8080,Cambodia,http.txt
210.87.74.65,8080,Indonesia,http.txt
131.255.56.43,8085,Brazil,http.txt
45.238.56.117,8080,Ecuador,http.txt
113.192.31.17,8080,Indonesia,http.txt
202.148.18.178,8080,Indonesia,http.txt
103.97.140.17,8080,Indonesia,http.txt
103.169.41.42,1111,Indonesia,http.txt
115.178.55.159,8080,Indonesia,http.txt
102.0.16.226,8080,Kenya,http.txt
103.72.89.33,8097,Indonesia,http.txt
103.72.89.27,8097,Indonesia,http.txt
103.76.108.89,8080,Indonesia,http.txt
103.88.202.84,8080,Indonesia,http.txt
160.19.19.213,8080,Indonesia,http.txt
103.247.82.9,8081,Indonesia,http.txt
147.75.88.120,9480,United States,http.txt
119.18.146.114,2314,Bangladesh,http.txt
14.234.140.166,20399,Vietnam,http.txt
45.230.170.58,999,Venezuela,http.txt
103.204.211.48,32255,Bangladesh,http.txt
154.18.255.11,1111,United States,http.txt
102.209.18.204,8080,Kenya,http.txt
182.253.33.42,8080,Indonesia,http.txt
147.75.88.38,10066,United States,http.txt
58.147.186.218,8081,Indonesia,http.txt
157.20.219.184,5555,Indonesia,http.txt
41.189.171.186,8080,United States,http.txt
157.66.16.67,8758,Indonesia,http.txt
51.250.22.105,3128,Russia,http.txt
89.39.106.61,8080,The Netherlands,http.txt
103.169.132.70,8080,Indonesia,http.txt
157.15.63.200,8080,Indonesia,http.txt
170.245.132.80,999,Paraguay,http.txt
46.43.72.25,8080,Palestine,http.txt
67.43.236.19,16719,Bangladesh,http.txt
203.217.101.190,80,Taiwan,http.txt
177.253.227.22,999,Colombia,http.txt
58.69.124.137,5052,Philippines,http.txt
67.43.228.253,11793,Malaysia,http.txt
103.171.83.157,7777,Indonesia,http.txt
103.217.216.65,8181,Indonesia,http.txt
103.162.221.163,3125,Indonesia,http.txt
103.115.20.34,3127,Indonesia,http.txt
59.153.18.93,19201,Bangladesh,http.txt
103.85.159.150,19201,Bangladesh,http.txt
80.80.165.54,8080,Kosovo,http.txt
103.192.158.115,46,Bangladesh,http.txt
103.118.44.31,8080,Cambodia,http.txt
187.102.219.42,999,Argentina,http.txt
187.102.219.64,999,Argentina,http.txt
198.98.48.76,31280,United States,http.txt
141.145.206.230,3143,Spain,http.txt
199.188.207.170,8080,United States,http.txt
103.106.115.145,8080,Indonesia,http.txt
103.191.169.130,1111,Indonesia,http.txt
202.58.73.6,1111,Indonesia,http.txt
193.43.140.82,8080,Syria,http.txt
201.139.115.38,8082,Mexico,http.txt
103.202.223.202,8070,Bangladesh,http.txt
103.10.52.150,6565,Bangladesh,http.txt
103.126.87.160,8088,Indonesia,http.txt
103.126.87.137,8088,Indonesia,http.txt
202.191.122.106,10521,Bangladesh,http.txt
200.174.198.158,8888,Brazil,http.txt
41.89.56.116,3128,Kenya,http.txt
103.249.19.13,10001,Indonesia,http.txt
45.225.181.254,8085,Brazil,http.txt
103.169.254.9,6080,Indonesia,http.txt
113.11.64.18,9107,Bangladesh,http.txt
202.154.18.22,8080,Indonesia,http.txt
102.66.163.87,9999,South Africa,http.txt
182.253.228.20,3128,Indonesia,http.txt
116.80.93.114,3172,Japan,http.txt
181.174.231.247,8082,Colombia,http.txt
179.1.102.53,999,Colombia,http.txt
36.64.86.11,8080,Indonesia,http.txt
200.37.252.122,8080,Peru,http.txt
91.200.163.190,8088,Russia,http.txt
160.248.189.97,3127,Japan,http.txt
160.248.189.95,3127,Japan,http.txt
8.243.68.10,8080,Colombia,http.txt
210.2.169.204,3128,Pakistan,http.txt
130.180.214.60,3128,France,http.txt
45.166.95.41,999,Honduras,http.txt
117.247.233.62,8080,India,http.txt
213.131.85.27,1981,Egypt,http.txt
203.95.196.77,8080,Cambodia,http.txt
45.166.95.1,999,Honduras,http.txt
24.199.124.151,3128,United States,http.txt
103.182.189.250,8080,Indonesia,http.txt
165.22.204.47,3128,The Netherlands,http.txt
203.210.84.100,8182,Indonesia,http.txt
167.250.23.75,9090,Brazil,http.txt
112.203.41.208,8082,Philippines,http.txt
72.10.160.173,6095,Taiwan,http.txt
45.166.95.49,999,Honduras,http.txt
103.48.68.126,83,India,http.txt
160.187.204.10,8090,Japan,http.txt
181.209.110.27,999,Argentina,http.txt
41.216.186.90,8080,Indonesia,http.txt
45.189.116.128,999,Peru,http.txt
72.10.160.173,1355,Canada,http.txt
103.147.246.140,8080,Indonesia,http.txt
103.144.18.70,3128,Indonesia,http.txt
103.155.197.49,8686,Indonesia,http.txt
219.79.87.230,8080,Hong Kong,http.txt
67.43.228.250,18919,France,http.txt
185.97.120.115,49200,Italy,http.txt
72.10.164.178,27797,United Kingdom,http.txt
95.173.218.80,8082,Singapore,http.txt
45.189.116.100,999,Peru,http.txt
45.190.84.51,999,Venezuela,http.txt
181.119.97.19,999,Ecuador,http.txt
181.78.200.125,999,Ecuador,http.txt
36.83.141.22,8090,Indonesia,http.txt
165.101.230.170,7777,Japan,http.txt
103.169.238.65,8090,Indonesia,http.txt
103.169.8.94,7777,Indonesia,http.txt
67.43.236.19,24991,Taiwan,http.txt
72.10.160.90,1927,Venezuela,http.txt
160.250.222.1,8090,Japan,http.txt
119.18.147.67,19201,Bangladesh,http.txt
78.100.167.36,8080,Qatar,http.txt
103.156.141.113,8080,Indonesia,http.txt
113.192.1.18,8181,Indonesia,http.txt
190.109.121.1,999,Ecuador,http.txt
157.66.16.69,5568,Indonesia,http.txt
113.11.65.229,9107,Bangladesh,http.txt
72.10.160.174,2159,Mongolia,http.txt
179.1.203.109,999,Colombia,http.txt
94.247.129.244,3128,Kazakhstan,http.txt
190.7.28.188,8080,Argentina,http.txt
50.114.33.183,8080,Cambodia,http.txt
223.205.97.148,8080,Thailand,http.txt
223.204.49.167,8080,Thailand,http.txt
72.10.160.170,8009,Malaysia,http.txt
80.78.64.117,8080,Albania,http.txt
217.138.18.75,8080,United Kingdom,http.txt
67.43.236.20,1623,Bolivia,http.txt
201.139.183.67,10102,Mexico,http.txt
67.43.228.251,11441,United States,http.txt
72.10.164.178,25835,Colombia,http.txt
54.221.235.245,3128,United States,http.txt
119.148.38.217,39043,Bangladesh,http.txt
43.231.78.205,8080,Bangladesh,http.txt
43.165.133.57,8888,Singapore,http.txt
121.101.129.150,3128,Indonesia,http.txt
47.91.95.168,3128,Germany,http.txt
116.58.162.45,3128,Japan,http.txt
203.150.128.213,8080,Thailand,http.txt
119.18.147.133,26265,Bangladesh,http.txt
113.11.127.176,64300,Bangladesh,http.txt
1.20.169.9,8080,Thailand,http.txt
201.47.88.20,3128,Brazil,http.txt
46.151.66.130,8081,Russia,http.txt
72.10.164.178,3861,Ecuador,http.txt
119.18.147.118,26265,Bangladesh,http.txt
43.224.116.222,25251,Bangladesh,http.txt
147.75.101.246,9443,The Netherlands,http.txt
135.125.97.184,42991,France,http.txt
147.75.101.246,80,The Netherlands,http.txt
109.92.141.2,9898,Serbia,http.txt
147.75.101.246,10051,The Netherlands,http.txt
202.5.52.112,25251,Bangladesh,http.txt
202.191.123.195,25251,Bangladesh,http.txt
43.224.116.186,25251,Bangladesh,http.txt
202.191.126.52,25251,Bangladesh,http.txt
202.191.124.141,25251,Bangladesh,http.txt
119.18.151.170,25251,Bangladesh,http.txt
43.224.116.188,25251,Bangladesh,http.txt
119.18.151.184,25251,Bangladesh,http.txt
43.225.151.140,25251,Bangladesh,http.txt
43.224.116.185,25251,Bangladesh,http.txt
110.77.204.160,8080,Thailand,http.txt
72.10.164.178,18307,Venezuela,http.txt
95.216.214.204,8888,Norway,http.txt
72.10.164.178,23657,Venezuela,http.txt
115.72.15.25,10003,Vietnam,http.txt
115.72.15.25,10031,Vietnam,http.txt
115.72.15.25,10029,Vietnam,http.txt
72.10.164.178,3807,Macao,http.txt
72.10.164.178,3117,Japan,http.txt
84.17.47.150,9002,The Netherlands,https.txt
84.17.47.149,9002,The Netherlands,https.txt
84.17.47.148,9002,The Netherlands,https.txt
84.17.47.147,9002,The Netherlands,https.txt
84.17.47.146,9002,The Netherlands,https.txt
84.17.47.126,9002,The Netherlands,https.txt
84.17.47.125,9002,The Netherlands,https.txt
84.17.47.124,9002,The Netherlands,https.txt
141.147.9.254,443,Germany,https.txt
193.176.84.16,9002,Romania,https.txt
193.176.84.19,9002,Romania,https.txt
193.176.84.20,9002,Romania,https.txt
193.176.84.21,9002,Romania,https.txt
193.176.84.22,9002,Romania,https.txt
193.176.84.23,9002,Romania,https.txt
65.108.150.56,8443,Finland,https.txt
185.236.200.18,9443,United States,https.txt
68.183.143.134,443,United States,https.txt
194.67.91.153,443,Russia,https.txt
129.151.160.199,443,South Africa,https.txt
197.243.20.178,443,Rwanda,https.txt
202.61.204.51,443,Germany,https.txt
74.103.66.15,443,United States,https.txt
91.121.88.53,443,France,https.txt
31.28.4.192,443,Russia,https.txt
167.99.124.118,443,United States,https.txt
4.188.236.47,443,India,https.txt
78.28.152.111,443,Bosnia and Herzegovina,https.txt
196.223.129.21,443,South Africa,https.txt
34.122.187.196,443,United States,https.txt
103.37.111.253,10086,Japan,https.txt
78.28.152.113,443,Bosnia and Herzegovina,https.txt
206.81.26.113,443,Germany,https.txt
23.88.59.163,443,Germany,https.txt
51.38.191.151,443,France,https.txt
154.65.39.7,443,Senegal,https.txt
46.101.115.59,443,Germany,https.txt
154.65.39.8,443,Senegal,https.txt
103.37.111.253,10089,Japan,https.txt
207.178.166.187,443,United States,https.txt
103.179.190.121,443,Vietnam,https.txt
116.203.117.22,443,Germany,https.txt
65.108.104.111,443,Finland,https.txt
184.168.123.21,443,Singapore,https.txt
128.199.207.200,443,Singapore,https.txt
144.91.90.109,443,Germany,https.txt
45.114.142.178,443,India,https.txt
34.68.168.129,443,United States,https.txt
193.36.118.226,9443,United Kingdom,https.txt
195.114.209.50,443,Spain,https.txt
138.199.35.215,9002,United States,https.txt
138.199.35.214,9002,United States,https.txt
138.199.35.213,9002,United States,https.txt
138.199.35.212,9002,United States,https.txt
138.199.35.208,9002,United States,https.txt
138.199.35.205,9002,United States,https.txt
138.199.35.204,9002,United States,https.txt
138.199.35.203,9002,United States,https.txt
138.199.35.201,9002,United States,https.txt
138.199.35.200,9002,United States,https.txt
138.199.35.198,9002,United States,https.txt
138.199.35.197,9002,United States,https.txt
138.199.35.196,9002,United States,https.txt
138.199.35.195,9002,United States,https.txt
193.36.118.210,9443,United Kingdom,https.txt
193.176.84.24,9002,Romania,https.txt
193.176.84.32,9002,Romania,https.txt
193.176.84.34,9002,Romania,https.txt
193.176.84.35,9002,Romania,https.txt
193.176.84.37,9002,Romania,https.txt
193.176.84.39,9002,Romania,https.txt
193.176.84.40,9002,Romania,https.txt
89.117.55.119,443,Germany,https.txt
193.176.84.9,9002,Romania,https.txt
193.176.84.10,9002,Romania,https.txt
193.176.84.11,9002,Romania,https.txt
193.176.84.12,9002,Romania,https.txt
138.199.35.199,9002,United States,https.txt
138.199.35.217,9002,United States,https.txt
167.71.166.28,8443,United States,https.txt
57.129.1.214,443,Germany,https.txt
156.146.59.28,9002,United States,https.txt
156.146.59.29,9002,United States,https.txt
156.146.59.50,9002,United States,https.txt
150.136.153.231,443,United States,https.txt
217.69.241.186,443,Germany,https.txt
162.243.95.8,443,United States,https.txt
149.57.28.10,9443,Canada,https.txt
116.203.49.36,443,Germany,https.txt
80.151.202.204,443,Germany,https.txt
84.239.49.164,9002,Romania,https.txt
156.146.59.8,9002,United States,https.txt
156.146.59.13,9002,United States,https.txt
156.146.59.2,9002,United States,https.txt
156.146.59.3,9002,United States,https.txt
156.146.59.4,9002,United States,https.txt
156.146.59.5,9002,United States,https.txt
156.146.59.6,9002,United States,https.txt
156.146.59.7,9002,United States,https.txt
156.146.59.9,9002,United States,https.txt
156.146.59.10,9002,United States,https.txt
84.239.49.37,9002,Romania,https.txt
84.239.49.38,9002,Romania,https.txt
84.239.49.39,9002,Romania,https.txt
156.146.59.11,9002,United States,https.txt
84.239.49.40,9002,Romania,https.txt
84.239.49.41,9002,Romania,https.txt
84.239.49.43,9002,Romania,https.txt
84.239.49.44,9002,Romania,https.txt
84.239.49.45,9002,Romania,https.txt
84.239.49.46,9002,Romania,https.txt
84.239.49.47,9002,Romania,https.txt
84.239.49.48,9002,Romania,https.txt
84.239.49.49,9002,Romania,https.txt
84.239.49.50,9002,Romania,https.txt
156.146.59.12,9002,United States,https.txt
84.239.49.51,9002,Romania,https.txt
156.146.59.14,9002,United States,https.txt
156.146.59.15,9002,United States,https.txt
156.146.59.16,9002,United States,https.txt
156.146.59.17,9002,United States,https.txt
156.146.59.18,9002,United States,https.txt
156.146.59.19,9002,United States,https.txt
156.146.59.20,9002,United States,https.txt
84.239.49.157,9002,Romania,https.txt
84.239.49.161,9002,Romania,https.txt
84.239.49.169,9002,Romania,https.txt
84.239.49.200,9002,Romania,https.txt
84.239.49.204,9002,Romania,https.txt
84.239.49.209,9002,Romania,https.txt
84.239.49.218,9002,Romania,https.txt
84.239.49.220,9002,Romania,https.txt
84.239.49.229,9002,Romania,https.txt
84.239.49.231,9002,Romania,https.txt
84.239.49.244,9002,Romania,https.txt
84.239.49.246,9002,Romania,https.txt
84.239.49.247,9002,Romania,https.txt
84.239.49.248,9002,Romania,https.txt
84.239.49.249,9002,Romania,https.txt
84.239.49.250,9002,Romania,https.txt
84.239.49.251,9002,Romania,https.txt
84.239.49.253,9002,Romania,https.txt
84.239.49.254,9002,Romania,https.txt
84.239.14.176,9002,Romania,https.txt
84.239.14.160,9002,Romania,https.txt
67.21.32.144,9443,United States,https.txt
84.239.14.146,9002,Romania,https.txt
84.239.14.147,9002,Romania,https.txt
84.239.14.148,9002,Romania,https.txt
84.239.14.149,9002,Romania,https.txt
84.239.14.150,9002,Romania,https.txt
84.239.14.151,9002,Romania,https.txt
84.239.14.152,9002,Romania,https.txt
84.239.14.153,9002,Romania,https.txt
84.239.14.154,9002,Romania,https.txt
84.239.14.155,9002,Romania,https.txt
84.239.14.156,9002,Romania,https.txt
84.239.14.157,9002,Romania,https.txt
84.239.14.158,9002,Romania,https.txt
84.239.14.159,9002,Romania,https.txt
84.239.14.162,9002,Romania,https.txt
84.239.14.163,9002,Romania,https.txt
84.239.14.164,9002,Romania,https.txt
84.239.14.165,9002,Romania,https.txt
84.239.14.166,9002,Romania,https.txt
84.239.14.167,9002,Romania,https.txt
84.239.14.168,9002,Romania,https.txt
84.239.14.169,9002,Romania,https.txt
84.239.14.170,9002,Romania,https.txt
84.239.14.171,9002,Romania,https.txt
84.239.14.172,9002,Romania,https.txt
84.239.14.173,9002,Romania,https.txt
84.239.14.174,9002,Romania,https.txt
84.239.14.175,9002,Romania,https.txt
192.73.244.36,443,United States,https.txt
51.254.213.34,443,France,https.txt
156.232.10.14,3128,United States,https.txt
51.79.173.71,443,Singapore,https.txt
133.242.203.223,443,Japan,https.txt
62.138.18.91,443,France,https.txt
102.130.125.86,443,South Africa,https.txt
130.180.208.145,443,France,https.txt
79.174.12.190,443,Russia,https.txt
203.189.96.232,443,Japan,https.txt
159.65.244.233,443,United States,https.txt
20.205.138.223,443,Hong Kong,https.txt
156.146.59.49,9002,United States,https.txt
84.239.49.154,9002,Romania,https.txt
84.239.49.191,9002,Romania,https.txt
84.239.49.238,9002,Romania,https.txt
193.176.84.7,9002,Romania,https.txt
156.146.59.41,9002,United States,https.txt
84.239.49.180,9002,Romania,https.txt
84.239.49.245,9002,Romania,https.txt
84.239.49.55,9002,Romania,https.txt
84.239.49.199,9002,Romania,https.txt
138.199.35.207,9002,United States,https.txt
84.239.49.242,9002,Romania,https.txt
84.239.49.178,9002,Romania,https.txt
193.176.84.36,9002,Romania,https.txt
84.239.49.166,9002,Romania,https.txt
138.199.35.220,9002,United States,https.txt
84.239.49.243,9002,Romania,https.txt
84.239.49.211,9002,Romania,https.txt
84.239.49.170,9002,Romania,https.txt
84.239.49.62,9002,Romania,https.txt
193.176.84.3,9002,Romania,https.txt
84.239.49.60,9002,Romania,https.txt
151.115.78.51,443,Poland,https.txt
84.239.49.219,9002,Romania,https.txt
138.199.35.216,9002,United States,https.txt
193.176.84.29,9002,Romania,https.txt
193.176.84.8,9002,Romania,https.txt
84.239.49.165,9002,Romania,https.txt
84.239.49.230,9002,Romania,https.txt
138.199.35.218,9002,United States,https.txt
193.176.84.33,9002,Romania,https.txt
138.199.35.202,9002,United States,https.txt
84.239.49.162,9002,Romania,https.txt
84.239.49.167,9002,Romania,https.txt
84.239.49.163,9002,Romania,https.txt
193.176.84.14,9002,Romania,https.txt
84.239.49.224,9002,Romania,https.txt
84.17.47.123,9002,The Netherlands,https.txt
84.239.49.188,9002,Romania,https.txt
156.146.59.34,9002,United States,https.txt
84.239.49.160,9002,Romania,https.txt
156.146.59.22,9002,United States,https.txt
156.146.59.27,9002,United States,https.txt
84.239.49.214,9002,Romania,https.txt
37.9.171.157,443,Slovakia,https.txt
84.239.49.232,9002,Romania,https.txt
84.239.49.233,9002,Romania,https.txt
156.146.59.23,9002,United States,https.txt
193.176.84.30,9002,Romania,https.txt
84.239.49.175,9002,Romania,https.txt
84.239.49.186,9002,Romania,https.txt
156.146.59.39,9002,United States,https.txt
84.239.49.172,9002,Romania,https.txt
84.239.49.177,9002,Romania,https.txt
84.239.49.173,9002,Romania,https.txt
84.239.49.201,9002,Romania,https.txt
156.146.59.25,9002,United States,https.txt
156.146.59.31,9002,United States,https.txt
84.239.49.61,9002,Romania,https.txt
84.239.49.221,9002,Romania,https.txt
84.239.49.235,9002,Romania,https.txt
84.239.49.240,9002,Romania,https.txt
84.239.49.194,9002,Romania,https.txt
84.239.49.185,9002,Romania,https.txt
193.176.84.6,9002,Romania,https.txt
84.239.49.159,9002,Romania,https.txt
84.239.49.59,9002,Romania,https.txt
84.239.49.236,9002,Romania,https.txt
156.146.59.44,9002,United States,https.txt
193.176.84.4,9002,Romania,https.txt
84.239.49.183,9002,Romania,https.txt
84.239.49.168,9002,Romania,https.txt
84.239.49.176,9002,Romania,https.txt
193.176.84.38,9002,Romania,https.txt
84.239.49.182,9002,Romania,https.txt
138.199.35.219,9002,United States,https.txt
84.239.49.187,9002,Romania,https.txt
84.239.49.56,9002,Romania,https.txt
84.239.49.202,9002,Romania,https.txt
156.146.59.32,9002,United States,https.txt
156.146.59.37,9002,United States,https.txt
84.239.49.207,9002,Romania,https.txt
84.239.49.227,9002,Romania,https.txt
84.239.49.179,9002,Romania,https.txt
84.239.49.222,9002,Romania,https.txt
138.199.35.206,9002,United States,https.txt
193.176.84.17,9002,Romania,https.txt
193.176.84.13,9002,Romania,https.txt
84.239.49.223,9002,Romania,https.txt
84.239.49.210,9002,Romania,https.txt
84.239.49.171,9002,Romania,https.txt
156.146.59.33,9002,United States,https.txt
138.199.35.211,9002,United States,https.txt
84.239.49.203,9002,Romania,https.txt
84.239.49.252,9002,Romania,https.txt
156.146.59.48,9002,United States,https.txt
84.239.49.239,9002,Romania,https.txt
84.239.49.54,9002,Romania,https.txt
84.239.49.156,9002,Romania,https.txt
84.239.49.205,9002,Romania,https.txt
156.146.59.21,9002,United States,https.txt
156.146.59.35,9002,United States,https.txt
84.239.49.198,9002,Romania,https.txt
84.239.49.225,9002,Romania,https.txt
84.239.49.155,9002,Romania,https.txt
156.146.59.40,9002,United States,https.txt
84.239.49.181,9002,Romania,https.txt
84.239.49.226,9002,Romania,https.txt
84.239.49.190,9002,Romania,https.txt
156.146.59.36,9002,United States,https.txt
84.239.49.206,9002,Romania,https.txt
84.239.49.189,9002,Romania,https.txt
84.239.49.53,9002,Romania,https.txt
84.239.49.228,9002,Romania,https.txt
138.199.35.209,9002,United States,https.txt
193.176.84.26,9002,Romania,https.txt
84.239.49.213,9002,Romania,https.txt
84.239.49.234,9002,Romania,https.txt
84.239.49.217,9002,Romania,https.txt
47.88.35.91,3128,United States,https.txt
181.215.52.192,9443,United States,https.txt
13.80.134.180,443,The Netherlands,https.txt
51.83.190.248,443,Poland,https.txt
156.38.112.11,443,Ghana,https.txt
79.139.61.227,443,Hungary,https.txt
149.126.16.38,443,Russia,https.txt
13.66.206.110,443,United States,https.txt
40.113.199.101,443,United States,https.txt
52.184.228.103,443,United States,https.txt
40.122.106.245,443,United States,https.txt
13.77.70.244,443,United States,https.txt
211.144.19.24,11143,China,https.txt
159.65.245.255,443,United States,https.txt
58.220.95.12,11143,China,https.txt
154.26.139.232,443,Singapore,https.txt
154.90.48.76,443,Indonesia,https.txt
51.158.253.115,443,France,https.txt
185.245.84.50,9443,Denmark,https.txt
51.158.253.130,443,France,https.txt
51.158.253.120,443,France,https.txt
51.158.253.113,443,France,https.txt
146.190.178.108,443,Germany,https.txt
51.158.253.153,443,France,https.txt
51.158.253.152,443,France,https.txt
156.146.59.46,9002,United States,https.txt
84.239.49.42,9002,Romania,https.txt
156.146.59.42,9002,United States,https.txt
84.239.49.57,9002,Romania,https.txt
84.239.49.58,9002,Romania,https.txt
84.239.49.158,9002,Romania,https.txt
84.239.49.184,9002,Romania,https.txt
84.239.49.192,9002,Romania,https.txt
84.239.49.193,9002,Romania,https.txt
84.239.49.196,9002,Romania,https.txt
84.239.49.197,9002,Romania,https.txt
84.239.49.208,9002,Romania,https.txt
84.239.49.212,9002,Romania,https.txt
84.239.49.215,9002,Romania,https.txt
84.239.49.241,9002,Romania,https.txt
156.146.59.24,9002,United States,https.txt
156.146.59.30,9002,United States,https.txt
156.146.59.38,9002,United States,https.txt
156.146.59.43,9002,United States,https.txt
156.146.59.45,9002,United States,https.txt
156.146.59.47,9002,United States,https.txt
51.158.252.252,443,France,https.txt
51.158.253.114,443,France,https.txt
51.158.252.160,443,France,https.txt
51.158.253.128,443,France,https.txt
51.158.253.154,443,France,https.txt
75.132.249.74,443,United States,https.txt
167.99.236.14,443,United States,https.txt
51.158.253.45,443,France,https.txt
51.158.253.77,443,France,https.txt
51.158.253.78,443,France,https.txt
141.94.246.168,443,France,https.txt
104.129.194.46,11743,United States,https.txt
138.199.35.210,9002,United States,https.txt
128.199.195.19,8888,Singapore,https.txt
104.129.194.45,10228,United States,https.txt
104.129.194.44,11263,United States,https.txt
104.129.194.43,11263,United States,https.txt
104.129.194.45,11263,United States,https.txt
104.129.194.38,11743,United States,https.txt
104.129.194.45,11743,United States,https.txt
165.225.72.38,11743,Germany,https.txt
47.243.181.85,41419,Japan,https.txt
148.233.136.213,443,Mexico,https.txt
54.37.72.89,443,Germany,https.txt
104.129.194.38,11691,United States,https.txt
47.243.181.85,8081,Taiwan,https.txt
104.129.194.38,11742,United States,https.txt
104.129.194.46,11742,United States,https.txt
104.129.194.43,10227,United States,https.txt
104.129.194.38,11724,United States,https.txt
104.129.194.44,11724,United States,https.txt
152.230.215.123,443,Chile,https.txt
104.129.194.46,11723,United States,https.txt
104.129.194.43,11723,United States,https.txt
104.129.194.38,11723,United States,https.txt
104.129.194.38,11747,United States,https.txt
104.129.194.44,11747,United States,https.txt
104.129.194.46,11677,United States,https.txt
104.129.194.44,11677,United States,https.txt
103.241.129.4,8443,Japan,https.txt
103.241.129.8,8443,Japan,https.txt
103.241.129.12,8443,Japan,https.txt
103.241.129.13,8443,Japan,https.txt
103.241.129.14,8443,Japan,https.txt
103.241.129.18,8443,Japan,https.txt
103.241.129.20,8443,Japan,https.txt
103.241.129.21,8443,Japan,https.txt
103.241.129.183,8443,Japan,https.txt
103.241.129.190,8443,Japan,https.txt
103.241.129.195,8443,Japan,https.txt
103.241.129.221,8443,Japan,https.txt
103.241.129.232,8443,Japan,https.txt
103.241.129.239,8443,Japan,https.txt
103.241.129.244,8443,Japan,https.txt
103.241.129.245,8443,Japan,https.txt
103.241.129.247,8443,Japan,https.txt
103.241.129.251,8443,Japan,https.txt
103.241.129.253,8443,Japan,https.txt
103.241.129.254,8443,Japan,https.txt
103.241.130.2,8443,Japan,https.txt
103.241.130.4,8443,Japan,https.txt
103.241.129.3,8443,Japan,https.txt
103.241.129.11,8443,Japan,https.txt
103.241.129.29,8443,Japan,https.txt
103.241.129.177,8443,Japan,https.txt
103.241.129.192,8443,Japan,https.txt
103.241.129.194,8443,Japan,https.txt
103.241.129.204,8443,Japan,https.txt
103.241.129.206,8443,Japan,https.txt
103.241.129.215,8443,Japan,https.txt
103.241.129.218,8443,Japan,https.txt
103.241.129.224,8443,Japan,https.txt
103.241.129.230,8443,Japan,https.txt
103.241.129.231,8443,Japan,https.txt
103.241.129.241,8443,Japan,https.txt
103.241.129.242,8443,Japan,https.txt
103.241.129.243,8443,Japan,https.txt
103.241.129.248,8443,Japan,https.txt
103.241.128.136,8443,Japan,https.txt
103.241.129.31,8443,Japan,https.txt
103.241.129.208,8443,Japan,https.txt
104.129.194.43,11680,United States,https.txt
104.129.194.44,11749,United States,https.txt
165.225.72.38,11749,Germany,https.txt
104.129.194.45,11749,United States,https.txt
104.129.194.44,11480,United States,https.txt
47.243.181.85,41317,Taiwan,https.txt
51.210.148.119,443,France,https.txt
165.225.72.38,11726,Germany,https.txt
104.129.194.38,11500,United States,https.txt
104.129.194.38,10227,United States,https.txt
165.225.113.220,10227,Singapore,https.txt
103.37.111.253,10087,Japan,https.txt
123.31.29.158,443,Vietnam,https.txt
104.129.194.38,11726,United States,https.txt
104.129.194.43,11726,United States,https.txt
165.225.113.220,11680,Singapore,https.txt
165.225.72.38,11712,Germany,https.txt
104.129.194.44,11273,United States,https.txt
104.129.194.38,11273,United States,https.txt
14.29.168.215,10443,China,https.txt
165.225.72.38,11700,Germany,https.txt
104.129.194.38,11065,United States,https.txt
104.129.194.38,11714,United States,https.txt
104.129.194.45,11747,United States,https.txt
104.129.194.45,11712,United States,https.txt
104.129.194.43,11728,United States,https.txt
104.129.194.44,11728,United States,https.txt
104.129.194.44,11741,United States,https.txt
104.129.194.46,11716,United States,https.txt
104.129.194.38,11741,United States,https.txt
104.129.194.38,11703,United States,https.txt
104.129.194.46,11741,United States,https.txt
104.129.194.46,11703,United States,https.txt
104.129.194.43,11691,United States,https.txt
104.129.194.46,11734,United States,https.txt
104.129.194.38,11677,United States,https.txt
212.58.132.189,8443,United States,https.txt
212.58.132.188,8443,United States,https.txt
104.129.194.45,11703,United States,https.txt
104.129.194.44,11716,United States,https.txt
104.129.194.46,11065,United States,https.txt
104.129.194.43,11500,United States,https.txt
104.129.194.46,11500,United States,https.txt
165.225.72.38,11771,Germany,https.txt
104.129.194.43,11730,United States,https.txt
104.129.194.46,11711,United States,https.txt
165.225.72.38,11711,Germany,https.txt
85.215.50.161,443,Germany,https.txt
165.225.72.38,11647,Germany,https.txt
51.254.132.238,443,France,https.txt
104.129.194.45,11691,United States,https.txt
145.239.196.123,443,France,https.txt
64.181.235.123,3128,United States,https.txt
65.109.40.163,8443,Finland,https.txt
23.106.56.43,19881,United Kingdom,https.txt
167.235.198.62,443,Germany,https.txt
181.215.52.132,9443,United States,https.txt
104.129.194.38,11682,United States,https.txt
104.129.194.43,11692,United States,https.txt
165.225.120.37,10230,India,https.txt
51.161.79.152,8888,Canada,https.txt
165.225.72.38,11734,Germany,https.txt
47.243.181.85,55013,Taiwan,https.txt
1.234.23.159,443,South Korea,https.txt
196.1.93.16,443,Senegal,https.txt
162.19.49.131,443,France,https.txt
94.23.9.170,443,France,https.txt
165.225.113.220,11691,Singapore,https.txt
51.159.225.129,8118,France,https.txt
87.255.196.143,443,Kazakhstan,https.txt
51.15.228.52,8443,France,https.txt
186.65.109.21,443,Argentina,https.txt
136.226.232.13,10230,India,https.txt
104.129.194.44,11725,United States,https.txt
180.166.128.182,13010,China,https.txt
212.83.168.126,8081,France,https.txt
51.159.226.157,443,France,https.txt
51.159.226.159,443,France,https.txt
51.159.226.153,443,France,https.txt
51.159.226.154,443,France,https.txt
51.159.226.151,443,France,https.txt
51.159.226.150,443,France,https.txt
51.159.226.155,443,France,https.txt
51.159.226.149,443,France,https.txt
51.159.226.156,443,France,https.txt
51.159.226.162,443,France,https.txt
51.159.226.128,443,France,https.txt
51.159.226.160,443,France,https.txt
51.159.226.158,443,France,https.txt
51.159.226.161,443,France,https.txt
51.159.226.152,443,France,https.txt
165.225.72.38,11716,Germany,https.txt
181.215.52.2,9443,United States,https.txt
104.129.194.43,11657,United States,https.txt
165.225.72.38,11657,Germany,https.txt
51.158.202.56,443,The Netherlands,https.txt
51.159.226.129,443,France,https.txt
51.158.253.130,14991,France,https.txt
165.231.253.242,443,India,https.txt
51.159.225.194,23767,France,https.txt
51.158.204.131,23767,France,https.txt
174.138.54.65,443,United States,https.txt
195.231.69.203,443,Italy,https.txt
51.158.253.45,7901,France,https.txt
104.129.194.45,11746,United States,https.txt
47.242.121.18,8443,Hong Kong,https.txt
51.158.253.115,17401,France,https.txt
23.94.251.185,3128,United States,https.txt
47.240.86.21,3128,Hong Kong,https.txt
51.159.226.154,17401,France,https.txt
165.225.72.38,11687,Germany,https.txt
47.241.70.64,8888,Singapore,https.txt
185.53.129.141,9090,The Netherlands,https.txt
51.158.202.102,8118,France,https.txt
51.159.225.202,8118,France,https.txt
51.159.226.149,7081,France,https.txt
47.243.181.85,41400,Japan,https.txt
104.129.194.46,11698,United States,https.txt
51.158.252.3,443,France,https.txt
51.159.226.159,10243,France,https.txt
165.225.72.38,11679,Germany,https.txt
104.129.194.45,11725,United States,https.txt
104.129.194.46,11721,United States,https.txt
23.106.249.34,21125,Singapore,https.txt
51.158.252.160,10074,France,https.txt
104.129.194.43,11700,United States,https.txt
104.129.194.38,11725,United States,https.txt
51.158.253.152,10243,France,https.txt
51.159.226.151,10074,France,https.txt
23.106.56.19,7579,United Kingdom,https.txt
51.159.226.159,5094,France,https.txt
104.129.194.38,11727,United States,https.txt
104.129.194.46,11730,United States,https.txt
51.159.226.128,15846,France,https.txt
51.158.252.50,15846,France,https.txt
205.178.137.160,8447,United States,https.txt
23.106.56.11,7714,United Kingdom,https.txt
104.129.194.38,11734,United States,https.txt
154.26.182.140,3128,United States,https.txt
23.106.56.35,16927,United Kingdom,https.txt
66.70.191.133,8443,Canada,https.txt
188.226.195.20,8881,The Netherlands,https.txt
62.171.146.164,443,Germany,https.txt
23.106.249.54,6550,Singapore,https.txt
51.159.225.196,23856,France,https.txt
107.152.33.202,8888,United States,https.txt
66.135.16.53,443,United States,https.txt
23.106.56.52,15767,United Kingdom,https.txt
51.159.225.197,19362,France,https.txt
47.243.181.85,41690,United States,https.txt
103.37.111.253,10088,Japan,https.txt
104.129.194.43,11654,United States,https.txt
51.158.204.131,3004,France,https.txt
165.225.113.220,11683,Singapore,https.txt
151.115.98.121,443,Poland,https.txt
104.129.194.44,11704,United States,https.txt
151.115.98.4,443,Poland,https.txt
51.159.226.153,7901,France,https.txt
23.106.56.54,6157,United Kingdom,https.txt
146.59.198.90,443,France,https.txt
206.188.208.101,8443,United States,https.txt
51.158.252.149,16684,France,https.txt
51.159.226.126,16684,France,https.txt
205.178.136.58,8447,United States,https.txt
109.123.219.11,8689,Czechia,https.txt
51.158.201.243,443,The Netherlands,https.txt
51.158.253.45,5299,France,https.txt
51.158.204.46,21384,France,https.txt
51.159.226.161,19030,France,https.txt
51.159.226.156,10472,France,https.txt
209.13.186.20,443,Argentina,https.txt
51.158.253.152,5698,France,https.txt
51.159.226.159,5698,France,https.txt
51.158.202.138,443,The Netherlands,https.txt
51.159.226.126,443,France,https.txt
205.185.125.136,8888,United States,https.txt
193.176.84.18,9002,Romania,https.txt
193.176.84.5,9002,Romania,https.txt
193.176.84.25,9002,Romania,https.txt
193.176.84.27,9002,Romania,https.txt
193.176.84.31,9002,Romania,https.txt
151.115.98.123,443,Poland,https.txt
151.115.98.9,443,Poland,https.txt
102.209.56.21,443,Kenya,https.txt
45.91.94.197,443,Austria,https.txt
23.106.249.52,2569,Singapore,https.txt
205.178.137.173,8443,United States,https.txt
165.225.113.220,10228,Singapore,https.txt
205.178.136.3,8443,United States,https.txt
165.225.113.220,11712,Singapore,https.txt
165.225.113.220,11644,Singapore,https.txt
151.115.98.6,443,Poland,https.txt
94.156.112.198,3129,Bulgaria,https.txt
90.162.35.34,443,Spain,https.txt
151.115.98.118,443,Poland,https.txt
165.225.72.38,11725,Germany,https.txt
104.129.194.38,11737,United States,https.txt
104.129.194.43,11719,United States,https.txt
151.115.98.198,443,Poland,https.txt
5.189.184.6,443,Germany,https.txt
205.178.136.199,8447,United States,https.txt
51.158.36.17,443,France,https.txt
165.225.113.220,11734,Singapore,https.txt
165.225.113.220,11692,Singapore,https.txt
165.225.113.220,11263,Singapore,https.txt
51.158.205.139,443,France,https.txt
108.181.18.175,4001,United States,https.txt
151.115.98.122,443,Poland,https.txt
104.129.194.44,11721,United States,https.txt
165.225.113.220,11721,Singapore,https.txt
104.129.194.43,11721,United States,https.txt
104.129.194.38,11721,United States,https.txt
151.115.98.120,443,Poland,https.txt
165.225.122.36,10230,India,https.txt
182.155.254.159,443,Taiwan,https.txt
47.243.181.85,41709,United States,https.txt
47.243.181.85,41402,Japan,https.txt
165.225.120.36,10230,India,https.txt
47.243.181.85,8080,Hong Kong,https.txt
165.225.113.220,11716,Singapore,https.txt
165.225.113.220,11749,Singapore,https.txt
205.178.137.102,8443,United States,https.txt
206.188.212.210,8447,United States,https.txt
142.93.195.158,443,United States,https.txt
151.115.98.119,443,Poland,https.txt
51.159.28.39,443,France,https.txt
65.21.34.102,443,Finland,https.txt
165.225.113.220,11725,Singapore,https.txt
104.129.194.46,11725,United States,https.txt
151.115.98.15,443,Poland,https.txt
165.225.113.220,11700,Singapore,https.txt
165.225.113.220,11657,Singapore,https.txt
104.129.194.45,11682,United States,https.txt
104.129.194.43,11737,United States,https.txt
104.129.194.43,11658,United States,https.txt
104.129.194.43,11699,United States,https.txt
104.129.194.45,11659,United States,https.txt
104.129.194.46,11719,United States,https.txt
151.115.98.141,443,Poland,https.txt
104.129.194.46,11745,United States,https.txt
104.129.194.44,11745,United States,https.txt
114.55.114.43,8073,China,https.txt
47.243.181.85,41693,United States,https.txt
47.243.181.85,41488,Hong Kong,https.txt
206.188.205.103,8443,United States,https.txt
103.37.111.253,10091,Japan,https.txt
196.1.93.10,443,Senegal,https.txt
151.115.98.201,443,Poland,https.txt
151.115.98.213,443,Poland,https.txt
51.158.205.179,443,France,https.txt
47.243.181.85,41716,United States,https.txt
206.188.207.139,8443,United States,https.txt
205.178.137.185,8443,United States,https.txt
206.188.207.251,8447,United States,https.txt
206.188.209.69,8443,United States,https.txt
206.188.208.235,8443,United States,https.txt
206.188.212.236,8443,United States,https.txt
151.115.98.36,443,Poland,https.txt
205.178.136.68,8443,United States,https.txt
95.66.244.250,443,Russia,https.txt
205.178.136.175,8447,United States,https.txt
23.224.189.161,3129,United States,https.txt
205.178.186.128,8443,United States,https.txt
47.243.181.85,41688,United States,https.txt
205.178.137.151,8447,United States,https.txt
205.178.144.247,8443,United States,https.txt
165.225.113.220,11717,Singapore,https.txt
205.178.186.14,8447,United States,https.txt
163.172.167.48,443,France,https.txt
109.123.219.11,8686,Czechia,https.txt
34.81.72.31,443,Taiwan,https.txt
176.162.240.186,443,France,https.txt
205.178.136.9,8443,United States,https.txt
151.115.98.203,443,Poland,https.txt
206.188.207.77,8447,United States,https.txt
51.159.226.148,443,France,https.txt
151.115.98.8,443,Poland,https.txt
89.188.62.25,443,Montenegro,https.txt
206.188.209.185,8447,United States,https.txt
47.238.192.103,8888,Hong Kong,https.txt
95.164.1.87,443,Russia,https.txt
94.16.116.86,8448,Germany,https.txt
165.225.72.151,11273,Germany,https.txt
165.225.72.151,11642,Germany,https.txt
165.225.72.150,11273,Germany,https.txt
151.115.98.12,443,Poland,https.txt
151.115.98.13,443,Poland,https.txt
47.243.181.85,41689,United States,https.txt
114.55.114.43,8331,China,https.txt
165.225.72.38,11731,Germany,https.txt
205.178.136.208,8443,United States,https.txt
45.80.69.38,3129,Russia,https.txt
107.175.24.152,8887,United States,https.txt
165.225.72.150,11734,Germany,https.txt
205.178.137.6,8443,United States,https.txt
51.159.226.125,443,France,https.txt
47.243.181.85,41389,Japan,https.txt
47.243.181.85,41698,United States,https.txt
114.55.114.43,8007,China,https.txt
165.225.72.149,10228,Germany,https.txt
165.225.72.150,10228,Germany,https.txt
151.115.99.132,443,Poland,https.txt
151.115.98.18,443,Poland,https.txt
151.115.98.7,443,Poland,https.txt
51.158.204.215,443,France,https.txt
51.158.202.56,14287,The Netherlands,https.txt
118.141.251.64,443,Hong Kong,https.txt
51.158.194.107,14287,The Netherlands,https.txt
51.158.194.16,14287,The Netherlands,https.txt
167.235.77.25,443,Germany,https.txt
205.178.186.134,8447,United States,https.txt
45.12.132.12,8081,Cyprus,https.txt
45.12.136.164,8081,Cyprus,https.txt
